chunk0,"hello, this is kim huat, singapore number one gathering fan. now five pax can go your house at any one time. last time is five pax per day maximum, now is can more people come.  one day one hunderd also can as long as they five at a time come. one hour come one time. come and play mahjong and leave, yeah. become like a tourist attraction, your house, like the singapore zoo liddat. come in, go out, come in, go out. maybe it's like that. but anyway hor, Im very happy that we can five pax but why five? My family got six leh."
chunk1,"wherever I go, will break the law still"
chunk2,"cannot leh, sian you know. got hua hua, hua hua mother a lot of people you know, six people how, my family still cannot go leh."
chunk3,
chunk4,"five is such a difficult number, why not eight"
chunk5,"but goverment ah like very likt this number, five"
chunk6,yeah
chunk7,it's a favorite number
chunk8,except when it's GST lah
chunk9,GST they don't like five
chunk10,they like the bigger number nine
chunk11,ten that kind
chunk12,"oh oh oh, also a new rule ah"
chunk13,mask is still default lah but with the mask-on situation
chunk14,"no need more safe distancing already can be close together can hug each other. no lah, don't hug each other. no lah, don't hug each other covid is still out there. but no need to be so far apart already. yeah yeah yeah as long as you wear the mask.  "
chunk15,but actually I prefer it when there was safe distancing leh
chunk16,beacause kim huat is internally very shy one introvert
chunk17,externally I extrovert but internally Im quite shy
chunk18,I know it's hard to hard to believe
chunk19,but Im actually a very shy guy
chunk20,"and how come ah nowadays very fashionable to show off your a r t result ah. take out the a r t test kit. then howlian got two line down there. on the social media a lot, right. yeah keep showing their result, two line. wah Im positive, then everyone oh oh, very good to show off meh."
chunk21,"very weird hor, now people like to show their result ah. "
chunk22,its like you win something like that
chunk23,"why ah, its something to be proud of ah"
chunk24,"I mean, get well soon lah, if you kena the two line ah. you rest ah, stay at home, hor. test untill you are safe to go out, but "
chunk25,a bit weird leh
chunk26,
chunk27,maybe its like er win four d liddat lah. wah two line.
chunk28,then you must show people. maybe you can make it into a badge of honor liddat
chunk29,wear on your neck
chunk30,"with the two line down there. put your name, decorate with stickers. go to the shopping mall, show the checkpoint uncle, eh"
chunk31,two line
chunk32,"then the uncle, good job youre very positive"
chunk33,or maybe ah you go to the kopitiam auntie there the checkpoint auntie
chunk34,then the auntie say wah
chunk35,"two line. yeah, auntie, two line. no need sticker for you. your sit down can already. or you go to the chap chye png there. the chye png, you tell the ah tee, ah tee."
chunk36,you see my badge
chunk37,two line
chunk38,"wah, ah tee say, good, one more koo loh yoke for you"
chunk39,"draw some wing on it lah, airborne"
chunk40,airborne yeah
chunk41,covid commando
chunk42,airborne ranger
chunk43,
chunk44,yeah elite. and minister lawrence wong he got say lah. now is not the time for easing of the measure. its not called easing. 
chunk45,this is called streamlining
zero_nine,1 2 3 4 5 6 7 8 9 0
