uob_1,this is aston calling from uob
uob_2,uob oh i can provide you my employee id after that you can check with hotline
uob_3,to the uob one account
uob_4,new u uob one account
uob_5,uob branch
uob_6,branch of uob
uob_7,this is teddy im calling from uob is this a good time to say
uob_8,which is a priority platform in uob
uob_9,im calling from uob good time to speak to you now
uob_10,you're calling from im calling from uob bank
other_1,oh i can provide you my employee id after that you can check with hotline if you'd like
other_2,you like my employee id also
other_3,need to discuss with my wife
other_4,any other enquires also you can just give me a call or text me also
other_5,hello hello mr.chan happy new year
other_6,hello mrs chan happy new year
other_7,so how was your trip
other_8,very good
other_9,hello ah hi grasney this is maiser
Chicken_chunk34,buy frozen chicken eat lah
other_12,sorry who it is
other_13,ya sure i dont have a lot of time but ya ok
other_14,the easiest one is the one in holland village
other_15,holland village okay are you okay to meet in the day
other_16,sure but this next week im away im travelling so would have to be the following week
other_17,would you be okay monday or thursday or friday
other_18,i think monday okay probably what time
other_19,give me a second give me a second can maybe on one
other_20,itll take about four five minutes to enough
other_21,i will drop you whatsapp and then if theres anything you can let me know
other_22,i will remind you again before the appointments
other_23,alright thank you have a good evening bye bye you too
other_24,hi good afternoon is this
other_25,call me back you call me back on let me see this week call me back on monday
other_26,okay sure so i see you at five oclock at clementi at clementi but the branch would be close so and then they will fix the the cafe to meet so whatever is it okay i will text you my number so is there any changes you can update me as well
other_27,sure sure sure alright
other_28,quite busy is it this few weeks
other_29,uh no not too bad not too bad i i get back from my trip to vietnam so about two weeks ago then
other_30,during the the project well i have some talents this is about signal developing but ya
other_31,hello hello hi this is
other_32,yes speaking
other_33,actually meet up with you and introduce myself eventually your portfolio
other_34,can i have your name again
